bikeid,tripduration_mins_sum
211,42.1
218,502.74
277,536.91
304,181.87
388,261.75
507,51.71
545,15.07
785,411.82
984,116.99
1072,45.43
1254,407.02
1569,12.88
1843,161.91
2009,523.17
2011,1969.01
2012,787.65
2014,997.27
2016,247.51
2017,828.55
2018,655.89
2020,544.57
2021,18.17
2022,435.73
2023,476.13
2025,650.8
2026,708.15
2027,373.39
2028,251.6
2029,189.63
2030,779.35
2032,562.75
2033,605.7
2034,701.6
2036,533.3
2037,609.54
2038,15
2040,167.11
2043,655.24
2045,636.31
2048,227.7
2049,571.95
2050,586.06
2052,465.44
2053,43.87
2054,23.72
2056,847.91
2057,838.29
2058,642.39
2060,630.27
2061,502.3
2062,430.94
2064,348.7
2065,174.68
2066,704.35
2067,380.97
2070,1484.72
2071,882.65
2073,515.13
2074,662.21
2076,97.49
2078,532.75
2081,974.65
2082,457.44
2084,671.62
2086,424.76
2087,490.24
2088,581.11
2089,4739.81
2092,9.48
2093,640.76
2094,484.28
2097,368.03
2099,675.48
2102,116.83
2103,476.85
2105,304.65
2106,705.93
2107,368.89
2109,883.74
2113,835.14
2116,613.97
2117,433.63
2118,360.33
2119,100.14
2122,788.85
2124,112.64
2126,1228.67
2127,556.02
2129,6133.89
2130,864.45
2134,542.57
2135,294.27
2137,284.21
2140,682.29
2141,680.91
2142,658.57
2145,621.42
2146,751.19
2147,934.5
2148,465.18
2149,1789.59
2150,407.03
2151,458.07
2152,733.19
2153,645.85
2155,400.69
2157,97.93
2159,930.18
2161,786.58
2162,380.64
2163,556.94
2165,280.7
2166,451.47
2168,797.4
2170,927.82
2172,862.39
2176,69.97
2178,383.68
2181,587.65
2183,542.97
2184,535.62
2185,543.08
2186,3438.98
2187,1080.84
2189,845.82
2190,72.25
2191,310.7
2193,688.51
2195,662.73
2196,639.57
2197,502.22
2201,392.91
2202,513.57
2203,471.19
2204,748.6
2205,15.94
2209,586.2
2210,265.04
2211,5.02
2212,755.43
2214,710.82
2216,645.15
2217,344.46
2219,577.8
2220,691.89
2221,542.4
2223,627.79
2225,855.62
2226,686.04
2227,388.54
2228,547.37
2229,380.06
2231,497.29
2232,1884.14
2233,51.91
2234,93.77
2235,815.27
2236,924.09
2239,728.79
2240,747.1
2243,276.66
2247,450.15
2248,533.5
2250,511.73
2251,543.39
2252,781.14
2253,591.11
2254,184.56
2256,641.57
2257,565.28
2258,344.79
2259,401.61
2261,237.09
2265,1747.9
2267,797.81
2268,772.55
2269,59.11
2270,1073.42
2272,342.4
2273,479.17
2274,398.34
2275,671.6
2276,15.06
2278,612.08
2279,326.14
2282,393.91
2283,115.03
2284,275.2
2285,4394.42
2286,614.42
2287,462.34
2289,354.87
2291,801.41
2292,297.86
2293,601.73
2296,486.71
2297,787.89
2298,752.57
2299,857.61
2302,350.38
2305,308.4
2310,377.96
2311,624.62
2316,33078.1
2317,507
2319,93.75
2323,1256.5
2324,773.82
2325,747.83
2326,975.54
2327,698.24
2328,342.32
2329,757.5
2330,270.17
2331,390.82
2340,110.2
2341,883.83
2342,461.06
2343,625.67
2346,2435.61
2348,66.17
2349,510.29
2350,13.17
2351,334.24
2352,219.97
2354,814.7
2357,933.53
2358,447.46
2359,915.26
2360,703.04
2361,481.4
2362,374.49
2363,960.09
2364,266.03
2369,702.67
2370,403.39
2371,850.48
2372,636.71
2373,426.72
2374,585.08
2378,491.56
2379,543.52
2380,575.68
2381,30.46
2382,494.33
2383,558.08
2385,196.81
2386,1263.67
2387,427.75
2388,646.55
2390,723.41
2391,488.36
2393,497.35
2394,305.11
2395,666.14
2397,746.2
2399,677.33
2400,3033.67
2402,14593.52
2404,740.81
2405,731.14
2408,509.81
2409,611.67
2411,595.57
2412,645.65
2413,454.66
2414,54.8
2416,601.72
2417,55.82
2423,344.49
2426,1401.82
2428,562.85
2429,451.69
2431,934.49
2432,577.36
2434,354.7
2435,150.79
2436,350.1
2438,99.2
2440,189.36
2441,409.06
2444,481.44
2445,751.85
2447,1843.85
2448,627.59
2449,323.21
2450,975.86
2451,719.71
2452,710.62
2453,263.86
2458,551.35
2459,96.75
2460,76.17
2461,571.1
2462,330.53
2463,843.71
2464,671.18
2465,537.43
2467,1081.93
2468,703.15
2469,691.34
2470,376.11
2471,666.5
2472,709.74
2474,351.99
2475,218.53
2476,591.16
2479,765.73
2480,488.55
2481,706.84
2482,390.7
2485,631.81
2486,459.5
2487,2020.46
2488,661.73
2489,350.42
2491,998.73
2493,671.2
2495,245.5
2496,1521.67
2498,292.37
2500,782.25
2502,459.07
2503,614.03
2504,432.04
2505,676.61
2507,492.89
2509,664.05
2510,756.58
2511,686.79
2512,506.16
2513,672.78
2514,758.15
2516,433.51
2518,648.55
2519,860.23
2520,773.3
2522,625.88
2524,142.37
2525,2032.51
2526,559.53
2527,285.98
2529,506.88
2530,708.49
2531,3169.96
2532,798.16
2533,538.95
2534,174.86
2536,15326.66
2537,838.71
2538,647.57
2540,2837.71
2541,776.79
2542,414.64
2544,259.41
2545,355.99
2546,2537.91
2547,469.23
2548,269.72
2552,436.57
2553,595.28
2556,141
2557,613.37
2559,290.29
2560,605.47
2561,714.38
2562,315.24
2564,1637.21
2566,32.22
2567,28.93
2568,764.25
2569,637.96
2570,411.77
2571,366.6
2572,326.47
2573,93.98
2578,391.83
2579,741.15
2580,38.7
2581,449.91
2582,544.04
2584,718.98
2585,888.69
2586,396.45
2588,746.78
2589,548.01
2590,470.36
2593,873.89
2594,596.73
2596,2242.82
2597,526.98
2601,69.8
2602,465.6
2603,164.98
2604,333.06
2608,419.21
2610,188.12
2612,790.5
2613,997.65
2614,342.17
2615,442.01
2616,969.04
2619,716.61
2620,136.05
2621,105.9
2622,794.98
2625,737.48
2626,84.93
2628,504.97
2631,765.29
2632,392.2
2633,64.01
2635,765.87
2636,83.94
2639,662.78
2642,135.75
2645,727.18
2647,78.74
2649,678.84
2650,605.29
2652,271.65
2653,811.2
2654,389.97
2656,826.94
2658,684.17
2660,642.84
2661,598.58
2662,727.62
2663,573.6
2664,384.72
2666,1159
2667,791.44
2670,377.48
2672,470.45
2673,471.37
2674,454.9
2675,188.42
2676,916.64
2677,862.99
2678,525.04
2680,652.07
2681,4104.61
2683,663.59
2684,639.08
2685,780.68
2686,79.8
2687,488.05
2688,118
2689,488.08
2691,792.42
2694,143.22
2695,621.41
2696,652.96
2698,494.6
2699,147.6
2704,717.17
2707,419.33
2708,1034.4
2710,1137.66
2712,600.16
2713,213.81
2714,54.17
2715,307.82
2716,25.07
2717,574.39
2718,87.57
2719,104.72
2720,866.8
2726,725.94
2727,321.87
2728,177.22
2729,831.12
2732,5952.74
2733,270.19
2734,731.43
2738,194.31
2742,890.63
2744,321.31
2745,366.18
2747,954.56
2748,678.55
2749,419.47
2750,1152.48
2751,260.96
2752,8453.11
2754,583.37
2755,56.48
2756,705.32
2757,765.28
2758,694.76
2759,300.29
2760,773.61
2761,616.65
2762,696.75
2763,361.03
2764,119
2767,915.94
2768,434.26
2769,43.38
2771,46.54
2773,340.29
2774,594.07
2777,1013.56
2778,185.45
2780,895.01
2781,121.57
2782,644.85
2783,393.63
2785,1829.7
2786,798.17
2787,825.84
2789,347.91
2790,608.59
2791,523.02
2794,658.92
2797,714.8
2799,477.51
2801,855.42
2802,363.86
2804,1012.28
2805,366.61
2806,516.02
2808,443.99
2809,1719.07
2810,546.47
2811,234.07
2813,729.27
2814,661.27
2815,660.8
2816,732.79
2818,563.61
2819,343.34
2820,352.57
2821,2077.08
2822,51.55
2823,471.84
2824,995.66
2828,829.36
2829,440.27
2830,631.33
2831,644.01
2832,676.12
2833,13667.21
2834,512.5
2835,116.43
2837,657.41
2839,765.66
2840,332.85
2842,529.78
2843,327.99
2844,817.34
2845,377.15
2846,246.74
2847,679.29
2848,579.5
2849,642.21
2850,5126.57
2852,607.14
2853,383.77
2856,945.54
2859,463.11
2860,672.41
2861,801.44
2863,407.06
2864,116.29
2867,561.32
2869,882.58
2870,687.34
2871,1365.92
2872,1103.22
2873,469.29
2874,684.86
2875,506.99
2876,131.06
2878,9.08
2879,71.33
2881,730.13
2883,189.02
2886,164.56
2888,57.93
2891,199.72
2892,526.49
2894,11.97
2895,554.16
2898,903.09
2900,514.93
2901,657.46
2902,391.23
2903,649.13
2904,254.34
2907,609
2910,535.61
2911,779.05
2915,886.8
2917,519.95
2918,778.05
2920,546.16
2921,459.51
2922,524.95
2924,481.44
2926,656.38
2927,209.71
2928,168.94
2929,689.23
2930,389.92
2931,1026.22
2932,2297.56
2935,471.31
2936,546.62
2938,819.29
2939,419.26
2940,862.11
2942,977.92
2943,400.01
2945,846.73
2948,579.62
2952,596.93
2953,11834.23
2954,651.83
2956,778.47
2957,368.05
2959,654.15
2960,1.45
2961,717.88
2962,677.76
2965,621.43
2966,493.54
2967,681.48
2969,24.29
2972,1277.57
2975,543.15
2976,905.13
2977,795.25
2978,360.77
2979,73.48
2980,272.82
2985,205.13
2987,496.22
2990,870.78
2991,653.46
2992,176.79
2995,219.51
2996,496
2997,478.96
3000,662.05
3001,610.76
3004,559.7
3006,68.26
3007,766.43
3010,710.44
3011,912.37
3012,166.15
3013,345.2
3014,273.47
3016,537.59
3017,546.57
3018,4587.98
3023,602.4
3024,230.08
3025,91.55
3027,724.49
3028,585.39
3029,227.86
3030,552.23
3031,615.99
3032,1793.45
3033,299.64
3034,443.84
3035,263.85
3037,948.34
3042,524.15
3043,154.32
3044,135.08
3045,749.51
3046,318.41
3048,969.26
3049,394.94
3051,686.49
3055,672.64
3056,373.39
3058,769.08
3061,356.68
3062,636.98
3063,775.67
3064,534.72
3066,554.67
3067,465.7
3070,791.3
3076,426.09
3077,277.45
3078,1123.06
3079,1486.41
3080,486.28
3081,45.73
3082,159.23
3083,489.22
3084,457.86
3085,230.52
3087,717.07
3088,701.68
3089,21.98
3092,700.19
3095,491.1
3096,707.79
3097,445.55
3098,323.78
3099,708.34
3100,121.51
3104,498.84
3106,1035.19
3107,415.65
3108,601.37
3110,587.77
3111,1879.33
3112,747.39
3113,604.35
3114,822.1
3115,767.69
3119,564.28
3120,621.36
3122,208.89
3123,839.7
3124,1127.7
3125,625.2
3128,414.3
3129,67.55
3130,165.73
3133,451.69
3134,831.84
3137,87.95
3138,700.21
3140,92.02
3141,178.19
3142,217.46
3146,574.6
3147,4146.81
3148,117.54
3151,474.73
3153,4.02
3154,380.38
3155,483.61
3157,613.52
3160,6632.36
3161,552.87
3162,21.73
3163,875.06
3165,246.49
3167,737.75
3168,65.84
3169,999.5
3173,597.52
3175,388.16
3176,257.28
3178,67.14
3179,666.36
3180,242.95
3183,801.56
3184,188.35
3186,447.88
3187,578.21
3188,484.05
3189,765.2
3190,718.58
3191,198.53
3195,601.39
3196,604.38
3198,694.62
3199,36.48
3202,490.01
3203,596.78
3204,9.82
3205,459.45
3206,355.14
3208,776.43
3209,410.99
3210,228
3212,610.12
3215,309.75
3216,219.51
3221,461.4
3222,1058.3
3223,3.45
3224,320.65
3225,158.1
3226,650.15
3229,369.43
3231,236.14
3232,457.49
3233,876.66
3234,532.88
3238,653
3239,560.9
3241,122.75
3244,167.97
3246,505.24
3247,336.23
3248,525.22
3250,613.8
3252,24.26
3254,1090.4
3255,539.71
3256,266.11
3259,908.8
3260,267.01
3261,972.66
3262,88.83
3263,549.47
3267,464.43
3268,364.47
3269,689.82
3270,161.67
3271,585.58
3272,219.69
3273,16.9
3274,220.18
3275,927.37
3276,608.03
3277,2736.09
3279,535.81
3280,771.46
3283,118.29
3286,602.02
3287,457.02
3288,84.42
3289,755.23
3290,11.59
3292,193.68
3294,638.11
3297,223
3298,658.11
3302,464.15
3303,518.5
3304,46.67
3305,720.12
3307,124.92
3309,534.95
3326,403.63
3329,838.39
3330,482.75
3333,405.93
3335,995.28
3339,80.8
3340,1036.4
3343,90.37
3345,1629.06
3347,677.99
3348,236.87
3349,720.07
3350,1007.45
3351,638.31
3352,570.13
3353,646.62
3354,922.93
3359,690.4
3360,976.57
3361,992.83
3363,739.67
3364,2015.71
3365,538.59
3366,811.17
3369,949.19
3370,40.75
3372,436.19
3373,477.37
3374,172.12
3377,1174.48
3378,224.45
3380,905.14
3381,452.78
3382,587.88
3383,788.26
3384,646.9
3387,951.7
3388,514.26
3389,320.34
3390,13.7
3391,1039.61
3392,212.86
3393,737.7
3394,109.46
3395,551.47
3396,775.59
3397,585.59
3398,510.36
3399,630.04
3400,1075.27
3402,615.38
3403,888.02
3405,1094.97
3408,1199.84
3409,812.4
3411,746.91
3412,438.25
3415,31.59
3418,699.68
3419,813.54
3421,363.03
3422,1141.14
3423,653.7
3424,712.59
3425,742.15
3426,326.91
3428,767.86
3429,873.38
3430,538.73
3432,233.26
3434,273.15
3435,727.98
3436,488.41
3438,1204.58
3439,63.46
3440,751.11
3441,934.02
3442,1051.21
3445,542.43
3446,137.19
3447,804.77
3449,507.67
3450,348.05
3453,917.64
3454,1543.76
3456,931.81
3457,408.25
3461,731.2
3462,517.78
3463,1314.42
3467,681.57
3469,844.06
3470,645.97
3471,849.03
3473,783.5
3474,554.95
3475,219.12
3476,1031.72
3480,600.04
3481,513.24
3482,45.83
3485,2.67
3487,48.27
3488,898.93
3489,869.66
3490,494.92
3492,285.23
3493,921.25
3499,912.08
3500,55.68
3501,600.44
3502,763.73
3503,482
3504,961.28
3505,536.68
3506,770.66
3507,1084.9
3508,729.78
3513,395.65
3515,589.6
3516,693.99
3518,1058.11
3519,524.31
3522,751.35
3523,482.14
3524,478.57
3525,410.85
3526,862.42
3530,339.72
3532,751.25
3533,365.78
3536,779.08
3539,771.16
3542,375.53
3543,1081.33
3545,658.79
3546,34.21
3548,770.34
3549,718.91
3550,1034.37
3551,18.7
3552,163.78
3553,126.76
3554,739.98
3555,854.51
3556,267.45
3557,29.72
3560,165.81
3561,146.32
3562,778.78
3563,777.99
3564,784.45
3570,365.72
3571,667.22
3572,684.94
3573,817
3576,34.5
3577,97.4
3578,1067.74
3580,494.49
3581,1160.95
3583,582.81
3584,403.1
3585,927.25
3586,770.32
3587,341.4
3589,861.97
3591,262.7
3592,121.12
3593,397.54
3594,1301.9
3596,659.43
3598,660.14
3599,814.96
3600,467.76
3601,643.55
3602,684.15
3603,966.8
3605,812.1
3606,60.32
3608,891.95
3609,1786.46
3611,638.73
3612,104.61
3614,457.19
3617,639.08
3618,806.36
3619,394.59
3620,730.84
3621,780.07
3623,574.79
3625,397.73
3627,530.5
3630,976.39
3631,728.98
3634,692.49
3636,511.86
3639,709.73
3641,207.87
3643,614.66
3644,442.19
3645,402.61
3646,548.1
3648,814.24
3649,838.74
3650,370.81
3652,28.2
3654,171.79
3655,6148.76
3656,475.58
3657,776.03
3659,621.85
3660,5.2
3663,760
3668,896.32
3669,646.44
3670,774.56
3671,254.5
3672,728.75
3675,149.35
3676,711.52
3677,317.85
3679,250.63
3680,568.04
3681,868.83
3682,76.74
3683,96.12
3684,490.26
3685,681.13
3686,455.91
3687,513.51
3688,804.04
3690,271.85
3691,920.62
3693,725.79
3694,874.58
3695,1144.66
3696,699.95
3698,494.13
3703,21.72
3704,478.36
3705,445.11
3707,786.55
3708,407.45
3709,1048.48
3710,1120.71
3711,713.67
3713,1202.13
3714,170.31
3715,857.42
3716,1395.97
3717,488.01
3718,125.39
3719,579.83
3720,785.56
3721,1077.57
3722,2600.86
3723,270.91
3724,174.7
3725,1026.86
3726,1135.85
3728,1048.75
3729,607.16
3732,865.05
3734,804.36
3735,550.32
3737,58.93
3738,948.68
3740,859.6
3741,891.11
3743,345.77
3746,648.93
3747,855.2
3748,2094.77
3749,554.59
3750,738.38
3751,1102.16
3755,539.13
3757,88.79
3759,1029.19
3763,845.72
3767,663.14
3768,668.07
3769,112.72
3774,159.36
3775,396.66
3776,721.6
3777,669.07
3780,830.6
3781,698.73
3782,782.37
3783,971.76
3784,615.54
3785,562.1
3787,1265.19
3790,435.2
3791,243.14
3792,721.19
3793,589.14
3794,754.34
3797,648.03
3798,63.89
3799,580.85
3800,824.6
3804,1654.91
3805,644.51
3806,144.49
3808,627.16
3811,1231.52
3814,898.89
3815,543.87
3817,675.92
3818,889.81
3819,536.66
3820,468.44
3821,496.29
3822,530.35
3826,762.28
3827,443.37
3828,122.94
3829,1159.1
3830,786.08
3831,1373.18
3835,686.03
3837,579.74
3840,358.07
3841,179.73
3842,129.81
3843,843.4
3844,923.32
3847,936.27
3848,944.64
3849,666.42
3850,129.1
3851,935.88
3852,811.97
3854,581.18
3857,765.68
3859,652.4
3861,1240.14
3862,400.53
3863,426.15
3864,144.22
3865,398.34
3866,623.47
3867,765.26
3869,9.32
3870,1124.6
3871,567.49
3874,945.88
3875,285.18
3876,135.79
3877,412.95
3878,731.99
3882,96.93
3883,695.27
3885,466.23
3887,358.18
3889,114.55
3890,636.49
3892,1001.38
3894,975.99
3895,892.55
3896,675.56
3897,78.92
3898,767.96
3901,1107.41
3902,604.44
3904,771.87
3906,868.25
3908,495.08
3909,755.8
3911,355.33
3912,781.91
3913,7.24
3914,3296.77
3915,673.59
3918,70.4
3919,736.67
3920,355.75
3921,9.31
3922,679.69
3924,827
3927,895.9
3932,920.95
3935,1044.18
3937,838.64
3938,414.08
3939,1133.41
3940,1031.97
3941,746.79
3942,334.11
3943,751.96
3945,377.31
3946,797.63
3947,1055.66
3949,520.74
3950,712.96
3952,930.86
3953,573.54
3954,1087
3955,74.9
3956,103.67
3957,84.97
3958,406.22
3961,859.16
3966,735.41
3968,507.34
3969,741.43
3970,249.13
3972,712.98
3973,927.1
3974,733.56
3975,892.93
3977,556.85
3978,456.4
3980,40.97
3981,952.24
3985,311.38
3988,898.95
3989,532.09
3990,548.34
3992,858.32
3994,614.13
3995,203.44
3996,45.34
3997,629.52
3998,215.2
3999,565.96
4000,844.95
4001,1082.85
4002,659.41
4003,659.93
4005,493.93
4008,263.78
4010,698.89
4012,953.22
4013,693.79
4016,947.62
4018,599.99
4019,868.18
4020,586.97
4021,944.27
4022,281.41
4023,327.43
4027,454.04
4028,36.18
4029,852.73
4031,746.21
4032,569.79
4033,50.83
4034,281.83
4035,647.81
4036,1066.6
4040,99
4042,319.93
4043,280.63
4044,965.32
4045,1000.35
4047,1025.67
4048,690.42
4049,454.2
4050,8.55
4051,1297.98
4052,981.24
4054,117.05
4055,888.53
4056,1079.42
4058,1023.72
4060,648.89
4061,171.4
4062,1164.41
4064,167.12
4065,622.52
4066,609.31
4067,724.85
4068,276.32
4070,1073.26
4071,11.32
4072,71.51
4073,879.77
4074,833.16
4076,1998.12
4080,455.41
4082,1198.69
4083,72.91
4084,689.31
4086,491.51
4087,655.19
4088,999.55
4089,542.85
4090,450.45
4091,119.56
4092,480.12
4094,735.06
4095,1189.87
4096,1257.71
4099,1409.46
4100,522.24
4101,134.08
4102,892.88
4104,635.34
4106,57.28
4107,316.9
4109,534.49
4110,928.94
4111,734.68
4112,1013.57
4115,1023.37
4116,373.09
4119,967.69
4120,959.3
4122,721.96
4124,411.92
4126,498
4127,509.19
4129,124.81
4130,1668.46
4131,603.65
4133,875.24
4134,495.6
4135,691.36
4137,958.65
4140,474.77
4144,195.67
4145,1101.9
4148,679.04
4149,1093.34
4150,646
4151,731.95
4154,58.06
4155,860.23
4156,800.76
4157,854.2
4158,715.75
4159,900.27
4160,680.89
4161,860.48
4165,850.01
4166,552.7
4167,714
4168,625.42
4169,207.83
4171,586.07
4173,1594.95
4174,377.37
4175,2160.06
4176,324.7
4177,251.79
4179,209.26
4180,1088.84
4184,687.88
4189,722.49
4190,73.2
4191,767.33
4192,694.85
4194,1096.81
4195,558.25
4196,890.35
4197,753.28
4198,829.2
4199,594.09
4200,1196.93
4202,905.79
4204,725.78
4207,799.13
4208,119.38
4210,622.18
4212,575.93
4213,693.59
4214,385.51
4215,922.91
4219,304.24
4220,1058.77
4222,857.04
4223,581.56
4244,1051.82
4245,1771.22
4247,665.4
4248,630.94
4250,878.79
4252,783.22
4254,549.07
4257,830.57
4259,63.96
4264,604.74
4265,885.65
4266,657.85
4269,664.39
4271,672.26
4272,1262.31
4275,2550.47
4276,874.72
4277,768.59
4278,147.82
4303,898.83
4344,360.59
4345,136.09
4347,136.44
4348,685.45
4349,835.18
4350,127.68
4351,1079.02
4352,697.34
4353,531.69
4357,897.56
4358,954.45
4359,944.13
4360,228.52
4361,707.08
4362,799.68
4364,333.23
4365,1588.21
4366,343.22
4367,119.12
4368,244.4
4369,741.87
4370,736.64
4371,476.68
4372,1042.78
4373,21.16
4375,837.71
4377,151.57
4378,567.78
4380,676.91
4381,330.13
4382,1483.42
4384,1131.8
4385,641.13
4387,745.2
4391,1215.03
4392,879.91
4393,89.69
4394,608.73
4396,626.25
4397,608.97
4398,14.5
4399,328.62
4400,744.28
4401,473.22
4402,79.78
4403,737.21
4404,57.11
4406,406.49
4407,167.67
4408,855.7
4410,125.21
4412,2509.98
4414,798.94
4415,721.43
4417,74.62
4419,3946.53
4420,919.06
4421,650.02
4423,171.99
4424,675
4425,574.19
4427,875.43
4429,835.87
4430,310.07
4432,790.88
4434,218.11
4435,757.28
4436,886.69
4439,1075.4
4441,1814.24
4442,775.61
4443,832.33
4446,1317.38
4447,32.8
4448,925.39
4450,333.74
4451,772.32
4453,307.75
4455,806.06
4456,760.31
4457,900.26
4458,340.93
4460,961.22
4462,681.99
4463,435.9
4465,798.88
4466,696.15
4467,600.65
4468,716.95
4469,747.68
4471,1012.42
4472,4481.44
4473,739.54
4474,141.5
4475,462.99
4478,853.64
4479,930.36
4483,706.81
4484,455.64
4485,726.93
4487,1083.56
4489,347.96
4490,375.21
4491,679.33
4492,735.39
4493,490.75
4494,419.53
4495,206.49
4496,632.9
4502,558.15
4503,538.94
4504,750.32
4506,641.32
4508,803
4509,486.24
4510,1067.53
4511,6.4
4513,90.43
4514,641.13
4517,82.37
4518,603.22
4520,716.2
4521,907.97
4523,454.84
4525,263.62
4526,1000.08
4527,317.96
4530,1094.91
4532,62.37
4535,1042.29
4536,4932.53
4538,746.87
4539,692.48
4540,226.88
4553,626.59
4558,1860.74
4560,222.62
4561,901.5
4562,889.9
4565,80.86
4587,289.46
4620,800.79
4654,583.43
4655,1166.73
4656,931.66
4657,993.61
4658,792.89
4659,4235.55
4660,619.83
4661,700.11
4662,955.73
4663,712.59
4664,577.73
4665,2004.53
4666,872.16
4667,1697.19
4668,425.19
4669,573.46
4670,945.71
4671,581.33
4672,441.77
4673,383.97
4674,70.2
4675,698.57
4676,825.35
4677,1059.07
4678,2552.36
4679,672.92
4680,808.8
4681,702.06
4682,630.13
4683,607.46
4684,74.85
4686,140.37
4687,841.08
4688,210.5
4689,1032.99
4690,324.15
4693,756.5
4694,101.41
4695,762.92
4698,319.31
4700,299.27
4702,819.61
4703,128.2
4704,751.31
4705,400.21
4706,430.28
4707,239.91
4708,955.8
4710,51.03
4711,499.51
4712,709.72
4713,1004.91
4714,14.65
4715,417.44
4716,800.36
4720,742.05
4722,515.77
4723,936.28
4724,580.75
4725,1129.76
4726,544.27
4729,779.33
4731,955.1
4732,799.77
4733,255.57
4734,659.7
4735,337.7
4736,551.74
4737,977.99
4738,201.68
4739,6933.56
4740,843.8
4742,33.67
4743,1080.42
4744,1032.14
4745,454.36
4748,521.56
4749,1256.81
4750,468.75
4751,181.92
4752,143.07
4753,1972.89
4755,529.93
4756,581.73
4757,482.35
4758,895.9
4759,587.79
4760,873.07
4761,288.78
4762,106.5
4763,3176.58
4765,337.78
4766,1041.29
4767,114.01
4768,611.02
4769,2831.79
4770,322.44
4771,346.23
4773,854.58
4774,86.09
4775,239.07
4776,836.65
4777,916.64
4778,950.07
4779,1922.36
4781,680.02
4782,908.61
4783,156.01
4784,1080.52
4786,519.62
4788,1797.31
4790,940.78
4791,729.48
4792,1047.05
4793,729.61
4794,258.13
4795,1184.55
4796,765.84
4797,790.76
4799,832.04
4800,12.92
4801,831.71
4802,283.49
4803,77.93
4804,85.76
4807,862.35
4809,1262.08
4810,1118.32
4811,556.74
4812,460.61
4814,563.95
4815,100.72
4816,603.24
4817,17.73
4820,782.92
4821,174.77
4822,639.99
4824,1044.98
4827,1006.6
4829,774.15
4830,572.19
4832,432.39
4833,1092
4835,622.87
4836,966.75
4837,116.78
4838,1236.78
4840,2197.9
4841,263.61
4843,46.38
4844,411.2
4845,705.31
4846,312.4
4847,582.47
4851,1441.96
4852,138.18
4853,688.3
4854,134.94
4855,169
4856,861.88
4858,946.8
4859,731.39
4860,602.97
4861,1186.67
4862,98.47
4863,1013.67
4864,117.69
4866,413.38
4867,377.2
4868,1279.03
4870,1030.39
4871,736.71
4872,624.04
4873,655.17
4874,416.51
4875,743.51
4876,550.2
4878,608.63
4880,970.42
4883,587.96
4884,157.9
4885,118.29
4886,201.79
4887,815.88
4888,630.71
4889,565.79
4890,787.83
4891,354.54
4894,131.65
4895,613.35
4896,760.56
4898,280.79
4901,596.82
4902,811.68
4904,904.82
4905,580.99
4906,979.27
4908,26.89
4910,845.62
4911,868.44
4912,262.77
4913,376.38
4914,887.49
4915,452.98
4918,1017.28
4919,576.22
4921,571.62
4923,709.87
4924,1187.75
4926,88.28
4928,754.08
4929,831.21
4930,566.93
4932,980.66
4934,76.73
4935,863.99
4937,735.86
4938,205.08
4939,294.92
4941,676.91
4943,210.54
4944,460.56
4945,924.81
4947,890.95
4948,843.3
4949,14.3
4950,797.71
4951,241.75
4953,1136.12
4954,478.44
4955,348.24
4956,926.29
4957,607.06
4958,24.23
4960,513.24
4962,408.92
4964,1013.17
4965,382.96
4966,756.31
4967,729.5
4968,555.13
4969,846.24
4970,850.66
4971,703.22
4972,1018.6
4973,330.53
4977,274.79
4978,792.33
4979,795.67
4980,612.86
4981,837.73
4982,910.91
4983,654.6
4985,826.88
4986,1076.65
4987,298.51
4988,715.49
4989,768.4
4990,808.95
4991,830.33
4994,1030.85
4995,523.36
4996,482.34
4997,601.53
4998,1059.04
5000,128.71
5002,909.69
5003,496.63
5004,156.71
5005,761.89
5006,864.24
5009,80.12
5010,330.71
5011,11.03
5012,1527
5013,585.28
5015,7686.87
5016,929.42
5018,548.19
5019,238.74
5022,642.66
5024,333.4
5025,649.48
5026,1098.15
5028,517.04
5029,38.62
5030,462.98
5031,399.2
5032,381.8
5033,303.08
5034,599.39
5035,685.25
5036,1017.44
5038,41.35
5039,592.16
5040,877.38
5042,558.78
5044,628.16
5046,644.78
5048,355.97
5049,550.07
5050,673.16
5051,189.76
5052,953.02
5053,2761.77
5055,1404.26
5056,718.02
5057,504.07
5061,214.25
5062,868.45
5063,768.26
5064,839.5
5065,501.39
5066,1080.21
5068,754.57
5070,998.03
5071,395.06
5075,799.21
5077,492.09
5078,970.65
5079,291.71
5082,572.46
5083,894.87
5084,623.04
5085,1012.82
5086,188.7
5088,3833.31
5091,377.06
5092,1072.48
5095,941.99
5096,568.07
5097,226.14
5100,958.99
5101,838.55
5103,4024.56
5104,1056.3
5107,985.95
5108,1005.68
5110,27.24
5111,585.36
5112,536.59
5113,798.93
5114,39.5
5115,947.9
5116,441.32
5117,609.38
5120,597.44
5122,697.78
5123,2942.48
5124,884.64
5125,527.85
5126,582.69
5128,886.44
5131,491.42
5137,1093.09
5138,1040.4
5139,483.23
5140,171.36
5141,738.09
5143,592.35
5144,665.32
5145,29.08
5147,1249.28
5148,651.71
5149,947.41
5150,376.75
5151,122.08
5152,591.4
5154,860.73
5156,694.26
5157,604.05
5158,339.37
5160,899.74
5161,750.28
5162,855.98
5163,568.95
5164,2318.57
5165,711.68
5166,493.47
5167,882.31
5168,906.3
5170,429.55
5171,562.41
5172,645.92
5175,442.78
5176,854.19
5177,541.68
5178,737.5
5179,1284.26
5180,538.15
5181,924.42
5182,591.8
5183,1153.81
5184,132.9
5186,769.76
5188,1568.15
5189,1181.94
5190,1983.8
5192,880.38
5193,569.91
5194,36.2
5195,806.78
5197,498.9
5200,325.64
5202,615.87
5203,859.07
5204,2695.79
5205,1280.64
5206,749.14
5207,459.09
5208,519.99
5209,849.94
5212,67.54
5213,262.26
5215,833.13
5216,1024.33
5217,21.13
5218,945.86
5220,712.89
5221,1562.25
5222,240.41
5223,665
5224,665.93
5225,955.59
5226,1145.99
5227,332.92
5228,1498.21
5230,667.77
5232,508.62
5233,763.21
5234,50.84
5235,137.5
5236,657.76
5237,62.44
5240,1273.52
5241,279.81
5242,808.47
5243,402.69
5245,367.4
5246,31844.4
5247,669.63
5248,706.81
5249,1116.95
5250,721.54
5252,1203.12
5253,1089.5
5254,750.5
5256,125.23
5257,808.06
5258,820.04
5259,363.66
5260,491.64
5261,846.2
5264,265.88
5265,399.51
5267,1186.98
5268,334.45
5269,634.06
5270,830.07
5271,912.72
5272,7.88
5273,657.16
5274,887.69
5276,603.93
5277,1375.89
5278,485.77
5279,2709.58
5280,1037.79
5281,430.18
5282,1190.23
5284,177.73
5286,944.67
5288,470.1
5290,245.83
5291,177.24
5292,551.02
5293,883.19
5294,455.35
5295,321.27
5296,95.12
5298,499.51
5299,519.99
5301,850.51
5303,38.29
5304,1924.02
5306,710.73
5307,656.96
5308,811.21
5309,12.91
5310,720.96
5311,832.46
5312,747.94
5313,521.21
5314,899.88
5316,615.42
5317,2053.39
5318,1314.11
5319,716.96
5320,1123.4
5322,721.23
5324,637.98
5326,836.49
5328,575.51
5329,700.53
5330,626.69
5333,152.99
5334,169.64
5338,3228.25
5339,853.69
5341,241.1
5342,449.13
5343,715.32
5344,626.54
5346,711.81
5348,885.62
5349,74.61
5350,768.58
5351,953.21
5352,298.63
5354,557.75
5355,2980.97
5356,78.03
5357,831.52
5359,754.89
5365,913.44
5366,824.61
5368,631.1
5369,1249.51
5372,357.89
5373,996.66
5374,655.12
5375,832.51
5376,196.77
5379,795.54
5380,971.2
5381,760.3
5382,680.35
5383,367.92
5384,720.53
5385,872.83
5386,884.5
5387,913.84
5389,914.6
5391,1022.8
5392,92.05
5393,1055.23
5394,146.88
5395,672.13
5396,958.23
5397,991.03
5398,406.59
5402,775.93
5404,360.5
5406,463.6
5407,696.73
5408,871.85
5409,685.56
5410,937.09
5412,603.95
5416,645.57
5417,40.75
5418,73.27
5419,878.58
5420,579.4
5421,583.14
5422,606.32
5425,615.55
5426,32.97
5427,996.05
5428,843.28
5430,811.6
5432,1097.8
5434,643.85
5435,919.19
5436,1079.46
5437,693.9
5438,1449.35
5441,468.7
5442,619.23
5443,882.24
5444,436.82
5445,1984.09
5447,357.3
5448,823.34
5451,310.16
5452,818.51
5454,641.24
5455,597.51
5456,449.39
5457,7959.7
5458,623.53
5459,14.45
5460,152.23
5461,756.32
5462,592.01
5463,224.52
5464,603.21
5465,2027.71
5466,951.3
5467,117.68
5468,1146.57
5469,375.51
5470,906.64
5473,258.68
5474,839.22
5475,858.2
5478,352.02
5479,980.87
5480,719.7
5481,902.77
5482,37.49
5483,602.55
5484,705.83
5485,1239.56
5486,854.05
5487,1.22
5490,747.4
5491,9767.83
5492,621.07
5493,729.96
5494,4456.83
5495,10.72
5496,648.26
5497,491.45
5498,1009.04
5499,1787.36
5500,601.32
5501,872.81
5502,856.07
5503,3252.52
5504,670.78
5505,699.05
5507,511.12
5508,849.07
5509,1314.76
5510,333.74
5511,886.52
5512,50
5514,496.09
5515,585.2
5518,214.97
5520,5434.89
5521,668.59
5522,368.44
5523,859.89
5525,214.38
5526,688.47
5527,457.97
5528,137.95
5529,634.54
5530,744.42
5532,344.23
5536,160.74
5537,388.67
5538,1222.66
5539,160.08
5540,752.65
5541,784.55
5542,538.47
5543,881.25
5544,1078.44
5545,880.75
5546,648.92
5547,295.66
5548,664.93
5550,593.69
5551,231.7
5555,815.89
5556,779.87
5557,252.41
5558,84.45
5559,757.13
5560,1089.45
5561,342.54
5562,18.92
5563,955.76
5564,782.34
5565,909.95
5567,326.49
5568,586.54
5569,1008.95
5570,998.32
5571,153.22
5572,984.56
5574,199.84
5575,1051.79
5576,604.32
5577,822.27
5579,743.69
5580,193.03
5581,734.11
5582,724.45
5583,589.87
5584,954.28
5585,688.72
5587,859.81
5588,575.11
5590,802
5591,716.39
5593,3436.49
5594,957.98
5595,907.75
5597,1923.81
5599,646.28
5600,1110.45
5602,664.32
5603,598.94
5605,964.32
5606,1423.05
5607,681.86
5608,836.89
5609,192.21
5610,1374.36
5611,416.02
5613,1156.34
5615,755.71
5616,966.25
5617,659.89
5619,269.87
5620,655.45
5622,1210.75
5624,403.26
5625,19.65
5626,699.91
5629,996.3
5631,19.43
5633,420.55
5635,797.16
5637,438.98
5638,536.82
5639,1010.42
5640,848.34
5641,845.76
5642,902.81
5643,634.31
5644,1036.96
5647,453.4
5648,1235.85
5650,705.22
5652,185.77
5654,834.27
5663,698.63
5666,796.76
5667,657.87
5669,772.89
5670,847.72
5671,899.08
5672,27.25
5674,397.98
5675,708.07
5677,872.84
5678,1233.78
5679,1000.23
5680,759.31
5681,1109.27
5683,577.8
5684,953.64
5686,561.02
5687,884.84
5688,1024.12
5691,167
5695,653.74
5696,553.51
5698,144.05
5699,1151.66
5700,869.43
5701,236.34
5702,835.52
5703,747
5704,586.55
5706,1026.83
5707,663.31
5708,888.33
5709,1915.54
5713,1126.29
5714,1436.58
5715,562.63
5716,138.45
5717,762.55
5721,801.02
5722,591.92
5723,864.34
5724,3866.56
5725,1180.18
5726,741.5
5727,101.76
5729,1705.24
5730,1341.88
5732,606.89
5734,472.64
5735,1178.64
5736,94.22
5738,1192.47
5739,683.05
5741,1093.53
5743,841.66
5744,687.17
5747,1076.92
5748,814.01
5749,471.28
5751,637.38
5752,954.54
5753,1775.3
5754,908.26
5755,958.98
5757,616.41
5758,1030.49
5762,5252.31
5763,823.87
5764,331.96
5766,880.23
5767,183.07
5768,888.65
5769,997.37
5770,664.17
5771,781.96
5773,104.38
5774,1018.98
5776,1116.58
5777,1384.09
5779,809.54
5781,1230.57
5782,324.95
5783,928.01
5785,1222.97
5787,9.37
5789,849.06
5791,503.86
5793,1329.08
5795,341.14
5796,133.3
5798,708.34
5800,1617.85
5801,786.59
5802,833.89
5803,1127.65
5804,716.07
5805,338.33
5806,1204.54
5807,365.67
5808,746.79
5809,790.07
5810,1039.38
5811,820.99
5812,801.14
5813,513.47
5814,557.13
5815,613.12
5818,9309.01
5819,419.23
5820,9324.52
5821,773.77
5822,1239.13
5823,5595.72
5824,460.92
5825,576.64
5827,978.12
5828,763.39
5830,572.86
5831,538.59
5833,924.06
5836,899.21
5837,484.78
5838,1353.01
5839,750.34
5840,806.26
5841,619.59
5842,681.5
5844,268.48
5845,334.98
5846,861.43
5847,1655.87
5850,1130.84
5851,582.64
5852,331.59
5853,286.08
5854,176.86
5856,746.97
5857,857.1
5860,880.69
5862,287.46
5863,170.98
5866,543.3
5867,215.3
5868,1012.5
5869,839.95
5871,1038.29
5872,474
5873,64.35
5874,298.45
5876,496.64
5877,719.15
5878,1043.54
5879,996.99
5880,330.94
5881,650.83
5884,1136.05
5886,732.63
5888,991.64
5889,578.89
5890,365.11
5892,1155.73
5893,925.67
5894,1063.5
5895,1025.97
5897,795.19
5898,680.48
5899,913.52
5900,427.81
5901,186.46
5902,911.12
5903,975.25
5904,718.12
5905,607.9
5906,1852.96
5907,12.43
5908,1193.11
5909,762.42
5910,824.58
5911,1309.26
5912,551.9
5913,736.57
5914,864.78
5915,148.02
5917,15.79
5918,836.81
5920,956.43
5921,365.16
5922,710.33
5923,674.99
5924,479.13
5925,3811.14
5926,1233.9
5927,523.18
5932,802.77
5933,1036.49
5934,564.29
5935,3915.17
5936,1442.65
5937,892.3
5938,649.24
5940,629.65
5942,705.07
5943,832.82
5944,671.06
5945,861.58
5946,75.43
5949,639.29
5950,219.61
5951,47.45
5952,1049.05
5955,561.93
5956,109.45
5957,457.37
5958,727.88
5959,518.94
5960,942.15
5962,691.84
5963,754.44
5965,1076.05
5966,2055.19
5967,493.38
5969,864.8
5971,544.56
5972,1132.56
5973,224.91
5974,361.44
5975,92.16
5976,745.91
5977,856.51
5978,1060.33
5980,563.76
5981,536.47
5982,789.68
5983,843.77
5984,1216.83
5985,727.94
5986,134.54
5987,980.81
5988,723.67
5989,867.32
5990,876.49
5991,1085
5992,347.84
5993,2051.48
5994,187.47
5995,1019.19
6000,847.4
6001,970.31
6002,498.36
6003,578.1
6004,463.48
6005,944.13
6006,1086.69
6007,484.22
6009,657.1
6010,200.74
6012,989.7
6013,803.62
6015,479.09
6016,761.13
6017,555.21
6018,23537.03
6020,501.89
6021,581
6022,855.12
6023,644.89
6024,949.97
6025,896.65
6026,116.08
6027,550.21
6028,482.45
6030,954.09
6031,1008.67
6032,102.8
6033,351.39
6035,508.31
6036,173.63
6037,792.76
6038,564.74
6039,100.69
6040,900.7
6044,447.55
6045,1029.22
6047,694.41
6048,820.64
6049,590.2
6050,1489.42
6051,516.46
6052,122.27
6053,177.5
6054,804.57
6056,1665.69
6057,837.81
6058,688.45
6059,867.43
6060,154.11
6061,660.64
6062,622.94
6063,6069.52
6064,634.6
6065,705.56
6066,159.24
6067,865.17
6069,130.53
6070,755.92
6071,18.6
6072,1017.69
6074,543.82
6075,808.82
6076,383.72
6077,993.29
6080,927.9
6081,692.17
6082,380.86
6083,882.19
6085,733.89
6086,1009.21
6087,330.72
6088,803.37
6090,497.94
6091,1151.38
6092,650.09
6093,503.14
6094,1133.34
6095,933.95
6096,820.68
6097,992.36
6098,1151.41
6099,578.52
6101,293.33
6102,362.05
6103,521.27
6104,890.73
6105,1476.14
6106,907.4
6107,682.26
6108,210.04
6110,698.38
6112,2873.11
6113,2359.34
6114,529.89
6115,247.16
6116,144.62
6117,780.07
6118,780
6119,1030.85
6120,4937.87
6121,16.52
6122,448.58
6123,685.81
6124,53.27
6125,228.81
6127,1267.07
6128,948.15
6129,415.59
6130,725.05
6131,681.54
6132,720.44
6133,1051.63
6134,870.47
6135,1038.39
6136,585.2
6139,835.64
6140,518.13
6142,151.12
6143,865.82
6145,645.27
6146,810.45
6148,1079.08
6149,887.12
6150,780.42
6152,727.83
6154,250.09
6156,1096.26
6157,1189.5
6159,1928.62
6160,915.94
6161,488.73
6172,1084.57
